Paweł,Nowak1,Informatyka dzienne,Dzienne,459,2/12/2000,1@pjwstk.edu.pl,Alina,Adam
Paweł,Nowak1,Informatyka magisterskie 4 sem,Dzienne,459,2/12/2000,1@pjwstk.edu.pl,Alina,Adam
Paweł,Nowak1,Informatyka doktoranckie,Dzienne,459,2/12/2000,1@pjwstk.edu.pl,Alina,Adam
Kaja,Jankowski29,Sztuka Nowych Mediów dzienne,Dzienne,4816,2/12/2000,29@pjwstk.edu.pl,Alina,Adam
Justyna,Kowalski30,Sztuka Nowych Mediów dzienne,Dzienne,4749,2/12/2000,30@pjwstk.edu.pl,Alina,Adam
Justyna,Kowalski30,Sztuka Nowych Mediów uzupełniające magisterskie,Dzienne,4749,2/12/2000,30@pjwstk.edu.pl,Alina,Adam
Michał,Nowak31,Sztuka Nowych Mediów dzienne,Dzienne,4432,2/12/2000,31@pjwstk.edu.pl,Alina,Adam
Michał,Nowak31,Sztuka Nowych Mediów uzupełniające magisterskie,Dzienne,4432,2/12/2000,31@pjwstk.edu.pl,Alina,Adam
Kamil,Brzęczyszczykiewicz32,Sztuka Nowych Mediów dzienne,Dzienne,4757,2/12/2000,32@pjwstk.edu.pl,Alina,Adam
Marta,Maciejewski33,Sztuka Nowych Mediów dzienne,Dzienne,4655,2/12/2000,33@pjwstk.edu.pl,Alina,Adam
Szymon,Jankowski34,Sztuka Nowych Mediów dzienne,Dzienne,4398,2/12/2000,34@pjwstk.edu.pl,Alina,Adam
Zbigniew,Kowalski35,Sztuka Nowych Mediów dzienne,,4450,2/12/2000,35@pjwstk.edu.pl,Alina,Adam
Karolina,Nowak36,Sztuka Nowych Mediów dzienne,,4455,2/12/2000,36@pjwstk.edu.pl,Alina,Adam
Joanna,Brzęczyszczykiewicz37,Sztuka Nowych Mediów dzienne,Dzienne,4799,2/12/2000,37@pjwstk.edu.pl,Alina,Adam
Joanna,Brzęczyszczykiewicz37,Sztuka Nowych Mediów uzupełniające magisterskie,Dzienne,4799,2/12/2000,37@pjwstk.edu.pl,Alina,Adam
Irena,Maciejewski38,Sztuka Nowych Mediów dzienne,Dzienne,4626,2/12/2000,38@pjwstk.edu.pl,Alina,Adam
Irena,Maciejewski38,Sztuka Nowych Mediów zaoczne,Zaoczne,4626,2/12/2000,38@pjwstk.edu.pl,Alina,Adam
Adam,Jankowski39,Sztuka Nowych Mediów dzienne,Dzienne,4446,2/12/2000,39@pjwstk.edu.pl,Alina,Adam
Kacper,Kowalski40,Sztuka Nowych Mediów dzienne,Dzienne,4396,2/12/2000,40@pjwstk.edu.pl,Alina,Adam
Kacper,Kowalski40,Sztuka Nowych Mediów uzupełniające magisterskie,Dzienne,4396,2/12/2000,40@pjwstk.edu.pl,Alina,Adam
Paweł,Nowak41,Sztuka Nowych Mediów dzienne,Dzienne,4902,2/12/2000,41@pjwstk.edu.pl,Alina,Adam
Paweł,Nowak41,Sztuka Nowych Mediów zaoczne,Zaoczne,4902,2/12/2000,41@pjwstk.edu.pl,Alina,Adam
Aleksandra,,Sztuka Nowych Mediów dzienne,Dzienne,4434,2/12/2000,42@pjwstk.edu.pl,Alina,Adam
Aleksandra,Brzęczyszczykiewicz42,Sztuka Nowych Mediów zaoczne,Zaoczne,4434,2/12/2000,42@pjwstk.edu.pl,Alina,Adam
Aleksandra,Brzęczyszczykiewicz42,Sztuka Nowych Mediów zaoczne 6 sem.,Zaoczne,4434,2/12/2000,42@pjwstk.edu.pl,Alina,Adam
Katarzyna,Maciejewski43,Sztuka Nowych Mediów dzienne,Dzienne,4517,2/12/2000,43@pjwstk.edu.pl,Alina,Adam
Grzegorz,Jankowski44,Sztuka Nowych Mediów dzienne,Dzienne,4705,2/12/2000,44@pjwstk.edu.pl,Alina,Adam
Adrian,Kowalski45,Sztuka Nowych Mediów dzienne,Dzienne,4661,2/12/2000,45@pjwstk.edu.pl,Alina,Adam
Jan,Nowak46,Sztuka Nowych Mediów dzienne,Dzienne,4842,2/12/2000,46@pjwstk.edu.pl,Alina,Adam
Jan,Nowak46,Sztuka Nowych Mediów zaoczne 6 sem.,Zaoczne,4842,2/12/2000,46@pjwstk.edu.pl,Alina,Adam
Jakub,Brzęczyszczykiewicz47,Sztuka Nowych Mediów dzienne,Dzienne,4709,2/12/2000,47@pjwstk.edu.pl,Alina,Adam
Iga,Maciejewski48,Sztuka Nowych Mediów dzienne,Dzienne,4792,2/12/2000,48@pjwstk.edu.pl,Alina,Adam
Jakub,Jankowski49,Sztuka Nowych Mediów dzienne,Dzienne,4789,2/12/2000,49@pjwstk.edu.pl,Alina,Adam
Jakub,Jankowski49,Sztuka Nowych Mediów zaoczne,Zaoczne,4789,2/12/2000,49@pjwstk.edu.pl,Alina,Adam
Maria,Kowalski50,Sztuka Nowych Mediów dzienne,Dzienne,4708,2/12/2000,50@pjwstk.edu.pl,Alina,Adam
Artur,Nowak51,Sztuka Nowych Mediów dzienne,Dzienne,4404,2/12/2000,51@pjwstk.edu.pl,Alina,Adam
Sabina,Brzęczyszczykiewicz52,Sztuka Nowych Mediów dzienne,Dzienne,4513,2/12/2000,52@pjwstk.edu.pl,Alina,Adam
Sabina,Brzęczyszczykiewicz52,Sztuka Nowych Mediów uzupełniające magisterskie,Dzienne,4513,2/12/2000,52@pjwstk.edu.pl,Alina,Adam
Łukasz,Maciejewski53,Sztuka Nowych Mediów dzienne,Dzienne,4442,2/12/2000,53@pjwstk.edu.pl,Alina,Adam
Marcin,Jankowski54,Sztuka Nowych Mediów dzienne,Dzienne,4732,2/12/2000,54@pjwstk.edu.pl,Alina,Adam
Rafał,Kowalski55,Sztuka Nowych Mediów dzienne,Dzienne,4506,2/12/2000,55@pjwstk.edu.pl,Alina,Adam
Jan,Nowak56,Sztuka Nowych Mediów dzienne,Dzienne,4649,2/12/2000,56@pjwstk.edu.pl,Alina,Adam
Jan,Nowak56,Sztuka Nowych Mediów uzupełniające magisterskie,Dzienne,4649,2/12/2000,56@pjwstk.edu.pl,Alina,Adam
Jakub,Brzęczyszczykiewicz57,Sztuka Nowych Mediów dzienne,Dzienne,4755,2/12/2000,57@pjwstk.edu.pl,Alina,Adam
Jakub,Brzęczyszczykiewicz57,Sztuka Nowych Mediów uzupełniające magisterskie,Dzienne,4755,2/12/2000,57@pjwstk.edu.pl,Alina,Adam
Julia,Maciejewski58,Sztuka Nowych Mediów dzienne,Dzienne,4890,2/12/2000,58@pjwstk.edu.pl,Alina,Adam
Karol,Jankowski59,Sztuka Nowych Mediów dzienne,Dzienne,4594,2/12/2000,59@pjwstk.edu.pl,Alina,Adam
Katarzyna,Nowak61,Sztuka Nowych Mediów dzienne,Dzienne,4925,2/12/2000,61@pjwstk.edu.pl,Alina,Adam
Marzena,Brzęczyszczykiewicz62,Sztuka Nowych Mediów dzienne,Dzienne,4748,2/12/2000,62@pjwstk.edu.pl,Alina,Adam
Filip,Maciejewski63,Sztuka Nowych Mediów dzienne,Dzienne,4720,2/12/2000,63@pjwstk.edu.pl,Alina,Adam
Karolina,Jankowski64,Sztuka Nowych Mediów dzienne,Dzienne,4423,2/12/2000,64@pjwstk.edu.pl,Alina,Adam
Karolina,Jankowski64,Sztuka Nowych Mediów uzupełniające magisterskie,Dzienne,4423,2/12/2000,64@pjwstk.edu.pl,Alina,Adam
Mateusz,Kowalski65,Sztuka Nowych Mediów dzienne,Dzienne,4299,2/12/2000,65@pjwstk.edu.pl,Alina,Adam
Magdalena,Nowak66,Sztuka Nowych Mediów dzienne,Dzienne,4629,2/12/2000,66@pjwstk.edu.pl,Alina,Adam
Magdalena,Nowak66,Sztuka Nowych Mediów uzupełniające magisterskie,Dzienne,4629,2/12/2000,66@pjwstk.edu.pl,Alina,Adam
Igor,Brzęczyszczykiewicz67,Sztuka Nowych Mediów dzienne,Dzienne,4889,2/12/2000,67@pjwstk.edu.pl,Alina,Adam
Bogumiła,Maciejewski68,Sztuka Nowych Mediów dzienne,Dzienne,4831,2/12/2000,68@pjwstk.edu.pl,Alina,Adam
Paweł,Jankowski69,Sztuka Nowych Mediów dzienne,Dzienne,4478,2/12/2000,69@pjwstk.edu.pl,Alina,Adam
Paweł,Jankowski69,Sztuka Nowych Mediów uzupełniające magisterskie,Dzienne,4478,2/12/2000,69@pjwstk.edu.pl,Alina,Adam
Marta,Kowalski70,Sztuka Nowych Mediów dzienne,Dzienne,4718,2/12/2000,70@pjwstk.edu.pl,Alina,Adam
Kamil,Nowak71,Sztuka Nowych Mediów dzienne,Dzienne,4741,2/12/2000,71@pjwstk.edu.pl,Alina,Adam
Kamil,Nowak71,Sztuka Nowych Mediów uzupełniające magisterskie,Dzienne,4741,2/12/2000,71@pjwstk.edu.pl,Alina,Adam
Beata,Brzęczyszczykiewicz72,Sztuka Nowych Mediów dzienne,Dzienne,4444,2/12/2000,72@pjwstk.edu.pl,Alina,Adam
Kacper,Maciejewski73,Sztuka Nowych Mediów dzienne,Dzienne,4552,2/12/2000,73@pjwstk.edu.pl,Alina,Adam
Gustaw,Jankowski74,Sztuka Nowych Mediów dzienne,Dzienne,4462,2/12/2000,74@pjwstk.edu.pl,Alina,Adam
Arkadiusz,Kowalski75,Sztuka Nowych Mediów dzienne,Dzienne,4414,2/12/2000,75@pjwstk.edu.pl,Alina,Adam
Sonia,Nowak76,Sztuka Nowych Mediów dzienne,Dzienne,4508,2/12/2000,76@pjwstk.edu.pl,Alina,Adam
Sandra,Brzęczyszczykiewicz77,Sztuka Nowych Mediów dzienne,Dzienne,4800,2/12/2000,77@pjwstk.edu.pl,Alina,Adam
Sandra,Brzęczyszczykiewicz77,Sztuka Nowych Mediów uzupełniające magisterskie,Dzienne,4800,2/12/2000,77@pjwstk.edu.pl,Alina,Adam
Małgorzata,Maciejewski78,Sztuka Nowych Mediów dzienne,Dzienne,4429,2/12/2000,78@pjwstk.edu.pl,Alina,Adam
Małgorzata,Maciejewski78,Sztuka Nowych Mediów uzupełniające magisterskie,Dzienne,4429,2/12/2000,78@pjwstk.edu.pl,Alina,Adam
Kiyomi,Jankowski79,Sztuka Nowych Mediów dzienne,Dzienne,4927,2/12/2000,79@pjwstk.edu.pl,Alina,Adam
Konrad,Kowalski80,Sztuka Nowych Mediów dzienne,Dzienne,4502,2/12/2000,80@pjwstk.edu.pl,Alina,Adam
Tomasz,Nowak81,Sztuka Nowych Mediów dzienne,Dzienne,4744,2/12/2000,81@pjwstk.edu.pl,Alina,Adam
Maciej,Brzęczyszczykiewicz82,Sztuka Nowych Mediów dzienne,Dzienne,4477,2/12/2000,82@pjwstk.edu.pl,Alina,Adam
Katarzyna,Maciejewski83,Sztuka Nowych Mediów dzienne,Dzienne,4736,2/12/2000,83@pjwstk.edu.pl,Alina,Adam
Klaudia,Jankowski84,Sztuka Nowych Mediów dzienne,Dzienne,4849,2/12/2000,84@pjwstk.edu.pl,Alina,Adam
Klaudia,Jankowski84,Sztuka Nowych Mediów uzupełniające magisterskie,Dzienne,4849,2/12/2000,84@pjwstk.edu.pl,Alina,Adam
Michał,Kowalski85,Sztuka Nowych Mediów dzienne,Dzienne,4819,2/12/2000,85@pjwstk.edu.pl,Alina,Adam
Sebastian,Nowak86,Sztuka Nowych Mediów dzienne,Dzienne,4445,2/12/2000,86@pjwstk.edu.pl,Alina,Adam
Kamil,Brzęczyszczykiewicz87,Sztuka Nowych Mediów dzienne,Dzienne,4707,2/12/2000,87@pjwstk.edu.pl,Alina,Adam
Jagna,Maciejewski88,Sztuka Nowych Mediów dzienne,Dzienne,4764,2/12/2000,88@pjwstk.edu.pl,Alina,Adam
Izabela,Jankowski89,Sztuka Nowych Mediów dzienne,Dzienne,4722,2/12/2000,89@pjwstk.edu.pl,Alina,Adam
Mateusz,Kowalski90,Sztuka Nowych Mediów dzienne,Dzienne,4452,2/12/2000,90@pjwstk.edu.pl,Alina,Adam
Daria,Nowak91,Sztuka Nowych Mediów dzienne,Dzienne,4545,2/12/2000,91@pjwstk.edu.pl,Alina,Adam
Agnieszka,Brzęczyszczykiewicz92,Sztuka Nowych Mediów dzienne,Dzienne,4771,2/12/2000,92@pjwstk.edu.pl,Alina,Adam
Iwona,Maciejewski93,Sztuka Nowych Mediów dzienne,Dzienne,4706,2/12/2000,93@pjwstk.edu.pl,Alina,Adam
Aleksandra,Jankowski94,Sztuka Nowych Mediów dzienne,Dzienne,4772,2/12/2000,94@pjwstk.edu.pl,Alina,Adam
Tomasz,Kowalski95,Informatyka dzienne,Dzienne,3374,2/12/2000,95@pjwstk.edu.pl,Alina,Adam
Tomasz,Kowalski95,Sztuka Nowych Mediów dzienne,Dzienne,3374,2/12/2000,95@pjwstk.edu.pl,Alina,Adam
Jolanta,Nowak96,Sztuka Nowych Mediów dzienne,Dzienne,4756,2/12/2000,96@pjwstk.edu.pl,Alina,Adam
Jolanta,Nowak96,Sztuka Nowych Mediów uzupełniające magisterskie,Dzienne,4756,2/12/2000,96@pjwstk.edu.pl,,
Aleksandra,Brzęczyszczykiewicz97,Sztuka Nowych Mediów dzienne,Dzienne,4457,2/12/2000,97@pjwstk.edu.pl,Alina,Adam
Paweł,Brzęczyszczykiewicz252,Informatyka dzienne po angielsku,Dzienne,4412,2/12/2000,252@pjwstk.edu.pl,Alina,Adam
Paweł,Brzęczyszczykiewicz252,Informatyka magisterskie 3 sem,Dzienne,4412,2/12/2000,252@pjwstk.edu.pl,Alina,Adam
Dariusz,Maciejewski253,Informatyka dzienne,Dzienne,4525,2/12/2000,253@pjwstk.edu.pl,Alina,Adam
Kamil,Jankowski254,Informatyka dzienne,Dzienne,4836,2/12/2000,254@pjwstk.edu.pl,Alina,Adam
Kamil,Jankowski254,Informatyka zaoczne,Zaoczne,4836,2/12/2000,254@pjwstk.edu.pl,Alina,Adam
Łukasz,Kowalski255,Informatyka dzienne,Dzienne,4788,2/12/2000,255@pjwstk.edu.pl,Alina,Adam
Tomasz,Nowak256,Informatyka dzienne po angielsku,Dzienne,4474,2/12/2000,256@pjwstk.edu.pl,Alina,Adam
Michał,Brzęczyszczykiewicz257,Informatyka dzienne,Dzienne,4454,2/12/2000,257@pjwstk.edu.pl,Alina,Adam
Michał,Brzęczyszczykiewicz257,Informatyka magisterskie 3 sem,Dzienne,4454,2/12/2000,257@pjwstk.edu.pl,Alina,Adam
Patryk,Maciejewski258,Informatyka dzienne,Dzienne,4443,2/12/2000,258@pjwstk.edu.pl,Alina,Adam
Patryk,Maciejewski258,Informatyka dzienne po angielsku,Dzienne,4443,2/12/2000,258@pjwstk.edu.pl,Alina,Adam
Bhagirath,Jankowski259,Informatyka dzienne,Dzienne,4851,2/12/2000,259@pjwstk.edu.pl,Alina,Adam
Michał,Kowalski260,Informatyka dzienne,Dzienne,4579,2/12/2000,260@pjwstk.edu.pl,Alina,Adam
Michał,Kowalski260,Informatyka zaoczne,Zaoczne,4579,2/12/2000,260@pjwstk.edu.pl,Alina,Adam
Marek,Nowak261,Informatyka dzienne,Dzienne,4461,2/12/2000,261@pjwstk.edu.pl,Alina,Adam
Przemysław,Brzęczyszczykiewicz262,Informatyka dzienne,Dzienne,4747,2/12/2000,262@pjwstk.edu.pl,Alina,Adam
Marcin,Maciejewski263,Informatyka dzienne,Dzienne,4762,2/12/2000,263@pjwstk.edu.pl,Alina,Adam
Zuzanna,Jankowski264,Zarządzanie informacją dzienne (kierunek Zarządzanie),Dzienne,4413,2/12/2000,264@pjwstk.edu.pl,Alina,Adam
Zuzanna,Jankowski264,Informatyka dzienne po angielsku,Dzienne,4413,2/12/2000,264@pjwstk.edu.pl,Alina,Adam
Michał,Kowalski265,Informatyka dzienne,Dzienne,4490,2/12/2000,265@pjwstk.edu.pl,Alina,Adam
Wojciech,Nowak266,Informatyka dzienne po angielsku,Dzienne,4554,2/12/2000,266@pjwstk.edu.pl,Alina,Adam
Wojciech,Nowak266,Informatyka magisterskie 3 sem,Dzienne,4554,2/12/2000,266@pjwstk.edu.pl,Alina,Adam
Enkh-Amgalan,Brzęczyszczykiewicz267,Informatyka dzienne,Dzienne,4340,2/12/2000,267@pjwstk.edu.pl,Alina,Adam
Adrian,Maciejewski268,Informatyka dzienne,Dzienne,4586,2/12/2000,268@pjwstk.edu.pl,Alina,Adam
Bartosz,Jankowski269,Informatyka dzienne,Dzienne,4798,2/12/2000,269@pjwstk.edu.pl,Alina,Adam
Jakub,Kowalski270,Informatyka dzienne,Dzienne,4711,2/12/2000,270@pjwstk.edu.pl,Alina,Adam
Jakub,Kowalski270,Informatyka internetowe,Internetowe,4711,2/12/2000,270@pjwstk.edu.pl,Alina,Adam
Jakub,Kowalski270,Informatyka magisterskie 3 sem,Dzienne,4711,2/12/2000,270@pjwstk.edu.pl,Alina,Adam
Sebastian,Nowak271,Informatyka dzienne,Dzienne,4056,2/12/2000,271@pjwstk.edu.pl,Alina,Adam
Aleksandra,Brzęczyszczykiewicz272,Informatyka dzienne,Dzienne,4549,2/12/2000,272@pjwstk.edu.pl,Alina,Adam
Aleksandra,Brzęczyszczykiewicz272,Informatyka dzienne po angielsku,Dzienne,4549,2/12/2000,272@pjwstk.edu.pl,Alina,Adam
Aleksandra,Brzęczyszczykiewicz272,Informatyka magisterskie 3 sem,Dzienne,4549,2/12/2000,272@pjwstk.edu.pl,Alina,Adam
Piotr,Maciejewski273,Informatyka dzienne,Dzienne,4618,2/12/2000,273@pjwstk.edu.pl,Alina,Adam
Piotr,Maciejewski273,Informatyka magisterskie 3 sem,Dzienne,4618,2/12/2000,273@pjwstk.edu.pl,Alina,Adam
Adrian,Jankowski274,Informatyka dzienne,Dzienne,4530,2/12/2000,274@pjwstk.edu.pl,Alina,Adam
Adrian,Jankowski274,Informatyka zaoczne,Zaoczne,4530,2/12/2000,274@pjwstk.edu.pl,Alina,Adam
Andrzej,Kowalski275,Informatyka dzienne,Dzienne,4607,2/12/2000,275@pjwstk.edu.pl,Alina,Adam
Andrzej,Kowalski275,Informatyka zaoczne,Zaoczne,4607,2/12/2000,275@pjwstk.edu.pl,Alina,Adam
Wojciech,Nowak276,Informatyka dzienne,Dzienne,4459,2/12/2000,276@pjwstk.edu.pl,Alina,Adam
Wojciech,Nowak276,Informatyka zaoczne,Zaoczne,4459,2/12/2000,276@pjwstk.edu.pl,Alina,Adam
Monika,Brzęczyszczykiewicz277,Informatyka dzienne po angielsku,Dzienne,4501,2/12/2000,277@pjwstk.edu.pl,Alina,Adam
Jan,Maciejewski278,Informatyka dzienne,Dzienne,4858,2/12/2000,278@pjwstk.edu.pl,Alina,Adam
Paweł,Jankowski279,Informatyka dzienne,Dzienne,4578,2/12/2000,279@pjwstk.edu.pl,Alina,Adam
Bartosz,Kowalski280,Informatyka dzienne,Dzienne,4555,2/12/2000,280@pjwstk.edu.pl,Alina,Adam
Agata,Nowak281,Informatyka dzienne,Dzienne,4589,2/12/2000,281@pjwstk.edu.pl,Alina,Adam
Agata,Nowak281,Informatyka zaoczne,Zaoczne,4589,2/12/2000,281@pjwstk.edu.pl,Alina,Adam
Agata,Nowak281,Informatyka internetowe,Internetowe,4589,2/12/2000,281@pjwstk.edu.pl,Alina,Adam
Matthew,Brzęczyszczykiewicz282,Informatyka dzienne,Dzienne,4945,2/12/2000,282@pjwstk.edu.pl,Alina,Adam
Piotr,Maciejewski283,Informatyka dzienne po angielsku,Dzienne,4556,2/12/2000,283@pjwstk.edu.pl,Alina,Adam
Piotr,Maciejewski283,Informatyka magisterskie uzupełniające zaoczne,Zaoczne,4556,2/12/2000,283@pjwstk.edu.pl,Alina,Adam
Grzegorz,Jankowski284,Informatyka dzienne po angielsku,Dzienne,4504,2/12/2000,284@pjwstk.edu.pl,Alina,Adam
Grzegorz,Jankowski284,Informatyka magisterskie 3 sem,Dzienne,4504,2/12/2000,284@pjwstk.edu.pl,Alina,Adam
Sebastian,Kowalski285,Informatyka dzienne,Dzienne,4505,2/12/2000,285@pjwstk.edu.pl,Alina,Adam
Sebastian,Kowalski285,Informatyka magisterskie 3 sem,Dzienne,4505,2/12/2000,285@pjwstk.edu.pl,Alina,Adam
Filip,Nowak286,Informatyka dzienne,Dzienne,4105,2/12/2000,286@pjwstk.edu.pl,Alina,Adam
Filip,Nowak286,Informatyka zaoczne,Zaoczne,4105,2/12/2000,286@pjwstk.edu.pl,Alina,Adam
Filip,Nowak286,Informatyka jednolite magisterskie,Dzienne,4105,2/12/2000,286@pjwstk.edu.pl,Alina,Adam
Jakub,Brzęczyszczykiewicz287,Informatyka dzienne,Dzienne,4487,2/12/2000,287@pjwstk.edu.pl,Alina,Adam
Artur,Maciejewski288,Informatyka dzienne,Dzienne,4498,2/12/2000,288@pjwstk.edu.pl,Alina,Adam
Artur,Maciejewski288,Informatyka magisterskie 3 sem,Dzienne,4498,2/12/2000,288@pjwstk.edu.pl,Alina,Adam
Piotr,Jankowski289,Informatyka dzienne,Dzienne,4471,2/12/2000,289@pjwstk.edu.pl,Alina,Adam
Piotr,Jankowski289,Informatyka zaoczne,Zaoczne,4471,2/12/2000,289@pjwstk.edu.pl,Alina,Adam
Piotr,Jankowski289,Informatyka dzienne po angielsku,Dzienne,4471,2/12/2000,289@pjwstk.edu.pl,Alina,Adam
Małgorzata,Kowalski290,Informatyka dzienne,Dzienne,4855,2/12/2000,290@pjwstk.edu.pl,Alina,Adam
Arkadiusz,Nowak291,Informatyka dzienne,Dzienne,4752,2/12/2000,291@pjwstk.edu.pl,Alina,Adam
Jakub,Brzęczyszczykiewicz292,Informatyka dzienne,Dzienne,4770,2/12/2000,292@pjwstk.edu.pl,Alina,Adam
Adam,Maciejewski293,Informatyka dzienne,Dzienne,4476,2/12/2000,293@pjwstk.edu.pl,Alina,Adam
Tomasz,Jankowski294,Informatyka dzienne,Dzienne,4724,2/12/2000,294@pjwstk.edu.pl,Alina,Adam
Tomasz,Jankowski294,Informatyka magisterskie 3 sem,Dzienne,4724,2/12/2000,294@pjwstk.edu.pl,Alina,Adam
Piotr,Kowalski295,Informatyka dzienne,Dzienne,4754,2/12/2000,295@pjwstk.edu.pl,Alina,Adam
Michał,Nowak296,Informatyka dzienne,Dzienne,4769,2/12/2000,296@pjwstk.edu.pl,Alina,Adam
Michał,Nowak296,Informatyka zaoczne,Zaoczne,4769,2/12/2000,296@pjwstk.edu.pl,Alina,Adam
Maciej,Brzęczyszczykiewicz297,Informatyka dzienne,Dzienne,4499,2/12/2000,297@pjwstk.edu.pl,Alina,Adam
Jakub,Maciejewski298,Informatyka dzienne,Dzienne,4733,2/12/2000,298@pjwstk.edu.pl,Alina,Adam
Jakub,Maciejewski298,Informatyka internetowe,Internetowe,4733,2/12/2000,298@pjwstk.edu.pl,Alina,Adam
Kasper,Jankowski299,Informatyka dzienne,Dzienne,4584,2/12/2000,299@pjwstk.edu.pl,Alina,Adam
Kasper,Jankowski299,Informatyka magisterskie 3 sem,Dzienne,4584,2/12/2000,299@pjwstk.edu.pl,Alina,Adam
Krzysztof,Kowalski300,Informatyka dzienne,Dzienne,4514,2/12/2000,300@pjwstk.edu.pl,Alina,Adam
Krzysztof,Kowalski300,Informatyka magisterskie uzupełniające zaoczne,Zaoczne,4514,2/12/2000,300@pjwstk.edu.pl,Alina,Adam
Michał,Nowak301,Informatyka dzienne,Dzienne,4448,2/12/2000,301@pjwstk.edu.pl,Alina,Adam
Paweł,Brzęczyszczykiewicz302,Informatyka dzienne,Dzienne,4664,2/12/2000,302@pjwstk.edu.pl,Alina,Adam
Katarzyna,Maciejewski303,Informatyka dzienne,Dzienne,4935,2/12/2000,303@pjwstk.edu.pl,Alina,Adam
Katarzyna,Maciejewski303,Informatyka magisterskie 3 sem,Dzienne,4935,2/12/2000,303@pjwstk.edu.pl,Alina,Adam
Konrad,Jankowski304,Informatyka dzienne,Dzienne,4485,2/12/2000,304@pjwstk.edu.pl,Alina,Adam
Piotr,Kowalski305,Informatyka dzienne,Dzienne,4456,2/12/2000,305@pjwstk.edu.pl,Alina,Adam
Piotr,Kowalski305,Informatyka magisterskie 3 sem,Dzienne,4456,2/12/2000,305@pjwstk.edu.pl,Alina,Adam
Jan,Nowak306,Informatyka dzienne,Dzienne,4107,2/12/2000,306@pjwstk.edu.pl,Alina,Adam
Jan,Nowak306,Informatyka internetowe,Internetowe,4107,2/12/2000,306@pjwstk.edu.pl,Alina,Adam
Jan,Nowak306,Informatyka jednolite magisterskie,Dzienne,4107,2/12/2000,306@pjwstk.edu.pl,Alina,Adam
Jan,Nowak306,Informatyka jednolite magisterskie po angielsku,Dzienne,4107,2/12/2000,306@pjwstk.edu.pl,Alina,Adam
Radosław,Brzęczyszczykiewicz307,Informatyka dzienne po angielsku,Dzienne,4482,2/12/2000,307@pjwstk.edu.pl,Alina,Adam
Kacper,Maciejewski308,Informatyka dzienne,Dzienne,4817,2/12/2000,308@pjwstk.edu.pl,Alina,Adam
Kacper,Maciejewski308,Informatyka magisterskie 3 sem,Dzienne,4817,2/12/2000,308@pjwstk.edu.pl,Alina,Adam
Tomasz,Jankowski309,Informatyka dzienne,Dzienne,4765,2/12/2000,309@pjwstk.edu.pl,Alina,Adam
Lech,Kowalski310,Informatyka dzienne,Dzienne,4387,2/12/2000,310@pjwstk.edu.pl,Alina,Adam
Lech,Kowalski310,Informatyka dzienne po angielsku,Dzienne,4387,2/12/2000,310@pjwstk.edu.pl,Alina,Adam
Błażej,Nowak311,Informatyka dzienne po angielsku,Dzienne,4509,2/12/2000,311@pjwstk.edu.pl,Alina,Adam
Błażej,Nowak311,Informatyka magisterskie uzupełniające zaoczne,Zaoczne,4509,2/12/2000,311@pjwstk.edu.pl,Alina,Adam
Karol,Brzęczyszczykiewicz312,Informatyka dzienne,Dzienne,4609,2/12/2000,312@pjwstk.edu.pl,Alina,Adam
Paweł,Maciejewski313,Informatyka dzienne,Dzienne,4481,2/12/2000,313@pjwstk.edu.pl,Alina,Adam
Paweł,Maciejewski313,Informatyka zaoczne,Zaoczne,4481,2/12/2000,313@pjwstk.edu.pl,Alina,Adam
Wojciech,Jankowski314,Informatyka dzienne po angielsku,Dzienne,4512,2/12/2000,314@pjwstk.edu.pl,Alina,Adam
Wojciech,Jankowski314,Informatyka magisterskie 3 sem,Dzienne,4512,2/12/2000,314@pjwstk.edu.pl,Alina,Adam
Maciej,Kowalski315,Informatyka dzienne,Dzienne,4782,2/12/2000,315@pjwstk.edu.pl,Alina,Adam
Maciej,Kowalski315,Informatyka Społeczna,Dzienne,4782,2/12/2000,315@pjwstk.edu.pl,Alina,Adam
Michał,Nowak316,Informatyka dzienne,Dzienne,4492,2/12/2000,316@pjwstk.edu.pl,Alina,Adam
Piotr,Brzęczyszczykiewicz317,Informatyka dzienne,Dzienne,4531,2/12/2000,317@pjwstk.edu.pl,Alina,Adam
Marcin,Maciejewski318,Informatyka dzienne po angielsku,Dzienne,4406,2/12/2000,318@pjwstk.edu.pl,Alina,Adam
Krzysztof,Jankowski319,Informatyka dzienne,Dzienne,4394,2/12/2000,319@pjwstk.edu.pl,Alina,Adam
Michał,Kowalski320,Informatyka internetowe magisterskie,Internetowe,4627,2/12/2000,320@pjwstk.edu.pl,Alina,Adam
Michał,Kowalski320,Informatyka dzienne po angielsku,Dzienne,4627,2/12/2000,320@pjwstk.edu.pl,Alina,Adam
Krzysztof,Nowak321,Informatyka dzienne,Dzienne,4830,2/12/2000,321@pjwstk.edu.pl,Alina,Adam
Krzysztof,Nowak321,Informatyka zaoczne,Zaoczne,4830,2/12/2000,321@pjwstk.edu.pl,Alina,Adam
Adrian,Brzęczyszczykiewicz322,Informatyka dzienne,Dzienne,4486,2/12/2000,322@pjwstk.edu.pl,Alina,Adam
Mariusz,Maciejewski323,Informatyka dzienne po angielsku,Dzienne,4447,2/12/2000,323@pjwstk.edu.pl,Alina,Adam
Mariusz,Maciejewski323,Informatyka magisterskie 3 sem,Dzienne,4447,2/12/2000,323@pjwstk.edu.pl,Alina,Adam
Bartosz,Jankowski324,Informatyka dzienne po angielsku,Dzienne,4580,2/12/2000,324@pjwstk.edu.pl,Alina,Adam
Bartosz,Jankowski324,Informatyka magisterskie 3 sem,Dzienne,4580,2/12/2000,324@pjwstk.edu.pl,Alina,Adam
Piotr,Kowalski325,Informatyka dzienne,Dzienne,4284,2/12/2000,325@pjwstk.edu.pl,Alina,Adam
Piotr,Kowalski325,Sztuka Nowych Mediów zaoczne,Zaoczne,4284,2/12/2000,325@pjwstk.edu.pl,Alina,Adam
Michał,Nowak326,Informatyka dzienne,Dzienne,4440,2/12/2000,326@pjwstk.edu.pl,Alina,Adam
Michał,Nowak326,Informatyka magisterskie 3 sem,Dzienne,4440,2/12/2000,326@pjwstk.edu.pl,Alina,Adam
Aleksander,Brzęczyszczykiewicz327,Informatyka dzienne po angielsku,Dzienne,4410,2/12/2000,327@pjwstk.edu.pl,Alina,Adam
Andrzej,Maciejewski328,Informatyka dzienne,Dzienne,4615,2/12/2000,328@pjwstk.edu.pl,Alina,Adam
Paweł,Jankowski329,Informatyka dzienne,Dzienne,4796,2/12/2000,329@pjwstk.edu.pl,Alina,Adam
Paweł,Jankowski329,Informatyka magisterskie 3 sem,Dzienne,4796,2/12/2000,329@pjwstk.edu.pl,Alina,Adam
Paweł,Kowalski330,Informatyka dzienne,Dzienne,4458,2/12/2000,330@pjwstk.edu.pl,Alina,Adam
Nakul,Brzęczyszczykiewicz332,Informatyka dzienne po angielsku,Dzienne,4942,2/12/2000,332@pjwstk.edu.pl,Alina,Adam
Nakul,Brzęczyszczykiewicz332,Informatyka magisterskie 3 sem,Dzienne,4942,2/12/2000,332@pjwstk.edu.pl,Alina,Adam
Tomoto,Maciejewski333,Informatyka dzienne,Dzienne,4614,2/12/2000,333@pjwstk.edu.pl,Alina,Adam
Tomoto,Maciejewski333,Informatyka zaoczne,Zaoczne,4614,2/12/2000,333@pjwstk.edu.pl,Alina,Adam
Krzysztof,Jankowski334,Informatyka dzienne,Dzienne,4822,2/12/2000,334@pjwstk.edu.pl,Alina,Adam
Adam,Kowalski335,Informatyka dzienne po angielsku,Dzienne,4433,2/12/2000,335@pjwstk.edu.pl,Alina,Adam
Adam,Kowalski335,Informatyka magisterskie 3 sem,Dzienne,4433,2/12/2000,335@pjwstk.edu.pl,Alina,Adam
Jan,Nowak336,Informatyka dzienne,Dzienne,4557,2/12/2000,336@pjwstk.edu.pl,Alina,Adam
Gabriel,Brzęczyszczykiewicz337,Informatyka dzienne,Dzienne,4599,2/12/2000,337@pjwstk.edu.pl,Alina,Adam
Michał,Maciejewski338,Informatyka dzienne,Dzienne,4419,2/12/2000,338@pjwstk.edu.pl,Alina,Adam
Michał,Maciejewski338,Informatyka magisterskie 3 sem,Dzienne,4419,2/12/2000,338@pjwstk.edu.pl,Alina,Adam
Michał,Maciejewski338,Informatyka doktoranckie,Dzienne,4419,2/12/2000,338@pjwstk.edu.pl,Alina,Adam
Michał,Jankowski339,Informatyka dzienne,Dzienne,4828,2/12/2000,339@pjwstk.edu.pl,Alina,Adam
Kacper,Kowalski340,Informatyka dzienne,Dzienne,4460,2/12/2000,340@pjwstk.edu.pl,Alina,Adam
Adrian,Nowak341,Informatyka dzienne,Dzienne,4058,2/12/2000,341@pjwstk.edu.pl,Alina,Adam
Adrian,Nowak341,Informatyka wieczorowe,Wieczorowe,4058,2/12/2000,341@pjwstk.edu.pl,Alina,Adam
Michał,Brzęczyszczykiewicz342,Informatyka dzienne po angielsku,Dzienne,4524,2/12/2000,342@pjwstk.edu.pl,Alina,Adam
Michał,Brzęczyszczykiewicz342,Informatyka magisterskie 3 sem,Dzienne,4524,2/12/2000,342@pjwstk.edu.pl,Alina,Adam
Katarzyna,Maciejewski343,Informatyka dzienne,Dzienne,4588,2/12/2000,343@pjwstk.edu.pl,Alina,Adam
Piotr,Jankowski344,Informatyka dzienne,Dzienne,4743,2/12/2000,344@pjwstk.edu.pl,Alina,Adam
Karol,Kowalski345,Informatyka dzienne,Dzienne,4721,2/12/2000,345@pjwstk.edu.pl,Alina,Adam
Radosław,Nowak346,Informatyka dzienne po angielsku,Dzienne,4544,2/12/2000,346@pjwstk.edu.pl,Alina,Adam
Marco,Brzęczyszczykiewicz347,Informatyka dzienne,Dzienne,4426,2/12/2000,347@pjwstk.edu.pl,Alina,Adam
Jagoda,Maciejewski348,Informatyka dzienne,Dzienne,4532,2/12/2000,348@pjwstk.edu.pl,Alina,Adam
Jagoda,Maciejewski348,Informatyka magisterskie 3 sem,Dzienne,4532,2/12/2000,348@pjwstk.edu.pl,Alina,Adam
Tomasz,Jankowski349,Informatyka dzienne,Dzienne,4480,2/12/2000,349@pjwstk.edu.pl,Alina,Adam
Tomasz,Jankowski349,Informatyka magisterskie 3 sem,Dzienne,4480,2/12/2000,349@pjwstk.edu.pl,Alina,Adam
Przemysław,Kowalski350,Informatyka dzienne,Dzienne,4441,2/12/2000,350@pjwstk.edu.pl,Alina,Adam
Michał,Nowak351,Informatyka dzienne,Dzienne,4523,2/12/2000,351@pjwstk.edu.pl,Alina,Adam
Michał,Nowak351,Informatyka magisterskie 3 sem,Dzienne,4523,2/12/2000,351@pjwstk.edu.pl,Alina,Adam
Bartosz,Brzęczyszczykiewicz352,Informatyka dzienne,Dzienne,4766,2/12/2000,352@pjwstk.edu.pl,Alina,Adam
Bartosz,Brzęczyszczykiewicz352,Informatyka internetowe,Internetowe,4766,2/12/2000,352@pjwstk.edu.pl,Alina,Adam
Achut,Maciejewski353,Informatyka dzienne po angielsku,Dzienne,4941,2/12/2000,353@pjwstk.edu.pl,Alina,Adam
Aleksander,Jankowski354,Informatyka dzienne po angielsku,Dzienne,4647,2/12/2000,354@pjwstk.edu.pl,Alina,Adam
Jan,Kowalski355,Informatyka dzienne,Dzienne,4500,2/12/2000,355@pjwstk.edu.pl,Alina,Adam
Yuriy,Nowak356,Informatyka dzienne,Dzienne,4422,2/12/2000,356@pjwstk.edu.pl,Alina,Adam
Yuriy,Nowak356,Informatyka magisterskie 3 sem,Dzienne,4422,2/12/2000,356@pjwstk.edu.pl,Alina,Adam
Michał,Brzęczyszczykiewicz357,Informatyka dzienne po angielsku,Dzienne,4660,2/12/2000,357@pjwstk.edu.pl,Alina,Adam
Michał,Brzęczyszczykiewicz357,Informatyka magisterskie 3 sem,Dzienne,4660,2/12/2000,357@pjwstk.edu.pl,Alina,Adam
Michał,Maciejewski358,Informatyka dzienne po angielsku,Dzienne,4521,2/12/2000,358@pjwstk.edu.pl,Alina,Adam
Piotr,Jankowski359,Informatyka dzienne,Dzienne,4585,2/12/2000,359@pjwstk.edu.pl,Alina,Adam
Mikołaj,Kowalski360,Informatyka dzienne,Dzienne,3081,2/12/2000,360@pjwstk.edu.pl,Alina,Adam
Mikołaj,Kowalski360,Informatyka jednolite magisterskie,Dzienne,3081,2/12/2000,360@pjwstk.edu.pl,Alina,Adam
Mikołaj,Kowalski360,Informatyka jednolite magisterskie po angielsku,Dzienne,3081,2/12/2000,360@pjwstk.edu.pl,Alina,Adam
Dariusz,Nowak361,Informatyka dzienne,Dzienne,4710,2/12/2000,361@pjwstk.edu.pl,Alina,Adam
Anna,Brzęczyszczykiewicz362,Informatyka dzienne,Dzienne,4385,2/12/2000,362@pjwstk.edu.pl,Alina,Adam
Anna,Brzęczyszczykiewicz362,Informatyka internetowe,Internetowe,4385,2/12/2000,362@pjwstk.edu.pl,Alina,Adam
Piotr,Maciejewski363,Informatyka dzienne,Dzienne,4529,2/12/2000,363@pjwstk.edu.pl,Alina,Adam
Michał,Jankowski364,Informatyka zaoczne,Zaoczne,4522,2/12/2000,364@pjwstk.edu.pl,Alina,Adam
Michał,Jankowski364,Informatyka dzienne po angielsku,Dzienne,4522,2/12/2000,364@pjwstk.edu.pl,Alina,Adam
Dawid,Kowalski365,Informatyka dzienne,Dzienne,4827,2/12/2000,365@pjwstk.edu.pl,Alina,Adam
Karol,Nowak366,Informatyka dzienne,Dzienne,4518,2/12/2000,366@pjwstk.edu.pl,Alina,Adam
Karol,Nowak366,Informatyka magisterskie 3 sem,Dzienne,4518,2/12/2000,366@pjwstk.edu.pl,Alina,Adam
Adrian,Brzęczyszczykiewicz367,Informatyka dzienne,Dzienne,4384,2/12/2000,367@pjwstk.edu.pl,Alina,Adam
Adrian,Brzęczyszczykiewicz367,Informatyka zaoczne,Zaoczne,4384,2/12/2000,367@pjwstk.edu.pl,Alina,Adam
Adrian,Brzęczyszczykiewicz367,Informatyka internetowe,Internetowe,4384,2/12/2000,367@pjwstk.edu.pl,Alina,Adam
Łukasz,Maciejewski368,Informatyka dzienne,Dzienne,4496,2/12/2000,368@pjwstk.edu.pl,Alina,Adam
Łukasz,Maciejewski368,Informatyka Społeczna,Dzienne,4496,2/12/2000,368@pjwstk.edu.pl,Alina,Adam
Adam,Jankowski369,Informatyka dzienne,Dzienne,4750,2/12/2000,369@pjwstk.edu.pl,Alina,Adam
Adam,Jankowski369,Informatyka zaoczne,Zaoczne,4750,2/12/2000,369@pjwstk.edu.pl,Alina,Adam
Adam,Jankowski369,Informatyka internetowe,Internetowe,4750,2/12/2000,369@pjwstk.edu.pl,Alina,Adam
Arkadiusz,Kowalski370,Informatyka dzienne,Dzienne,4111,2/12/2000,370@pjwstk.edu.pl,Alina,Adam
Jakub,Nowak371,Informatyka dzienne,Dzienne,4484,2/12/2000,371@pjwstk.edu.pl,Alina,Adam
Michał,Brzęczyszczykiewicz372,Informatyka dzienne po angielsku,Dzienne,4483,2/12/2000,372@pjwstk.edu.pl,Alina,Adam
Michał,Brzęczyszczykiewicz372,Informatyka magisterskie 3 sem,Dzienne,4483,2/12/2000,372@pjwstk.edu.pl,Alina,Adam
Tomasz,Maciejewski373,Informatyka dzienne,Dzienne,4751,2/12/2000,373@pjwstk.edu.pl,Alina,Adam
Tomasz,Maciejewski373,Informatyka magisterskie 3 sem,Dzienne,4751,2/12/2000,373@pjwstk.edu.pl,Alina,Adam
Tomasz,Maciejewski373,MBA dla branży IT,Zaoczne,4751,2/12/2000,373@pjwstk.edu.pl,Alina,Adam
Radosław,Jankowski374,Informatyka dzienne,Dzienne,4528,2/12/2000,374@pjwstk.edu.pl,Alina,Adam
Radosław,Jankowski374,Informatyka magisterskie 3 sem,Dzienne,4528,2/12/2000,374@pjwstk.edu.pl,Alina,Adam
Paweł,Kowalski375,Informatyka dzienne,Dzienne,4533,2/12/2000,375@pjwstk.edu.pl,Alina,Adam
Przemysław,Nowak376,Informatyka dzienne,Dzienne,4814,2/12/2000,376@pjwstk.edu.pl,Alina,Adam
Przemysław,Nowak376,Informatyka zaoczne,Zaoczne,4814,2/12/2000,376@pjwstk.edu.pl,Alina,Adam
Adam,Brzęczyszczykiewicz377,Informatyka dzienne,Dzienne,4753,2/12/2000,377@pjwstk.edu.pl,Alina,Adam
Dawid,Maciejewski378,Informatyka dzienne,Dzienne,4520,2/12/2000,378@pjwstk.edu.pl,Alina,Adam
Adrian,Jankowski379,Informatyka dzienne,Dzienne,4837,2/12/2000,379@pjwstk.edu.pl,Alina,Adam
Sławomir,Kowalski380,Informatyka dzienne,Dzienne,4611,2/12/2000,380@pjwstk.edu.pl,Alina,Adam
Rafał,Nowak381,Informatyka dzienne,Dzienne,4616,2/12/2000,381@pjwstk.edu.pl,Alina,Adam
Rafał,Nowak381,Informatyka magisterskie 3 sem,Dzienne,4616,2/12/2000,381@pjwstk.edu.pl,Alina,Adam
Agnieszka,Brzęczyszczykiewicz382,Informatyka dzienne po angielsku,Dzienne,4603,2/12/2000,382@pjwstk.edu.pl,Alina,Adam
Kunal,Kashyap,Informatyka dzienne po angielsku,Dzienne,4666,2/13/2000,383@pjwstk.edu.pl,Alina,Adam
